﻿"Cube Title","Product Id","CANSIM Id",URL,"Cube Notes","Archive Status",Frequency,"Start Reference Period","End Reference Period","Total number of dimensions"
"Leading indicator, International visitors entering or returning to Canada by air, by country of residence and traveller type","24100056",,"https://www150.statcan.gc.ca/t1/tbl1/en/tv.action?pid=2410005601",1;2,"CURRENT - a cube available to the public and that is current","Daily","2018-01-01","2023-02-28","3",

"Dimension ID","Dimension name","Dimension Notes","Dimension Definitions"
"1","Geography",,""
"2","Country of residence",7,""
"3","Traveller type",,""

"Dimension ID","Member Name","Classification Code","Member ID","Parent Member ID",Terminated,"Member Notes","Member Definitions"
"1","Halifax/Dartmouth - Halifax Stanfield International Airport, Nova Scotia","","2","1","",,
"1","Montreal Trudeau International Airport, Quebec","","3","1","",,
"1","Quebec City Jean Lesage International Airport, Quebec","","4","1","",,
"1","Ottawa International Airport, Ontario","","5","1","",,
"1","Toronto - Billy Bishop Toronto City Airport, Ontario","","6","1","",3,
"1","Toronto Pearson International Airport, Ontario","","7","1","",4,
"1","Winnipeg Richardson International Airport, Manitoba","","8","1","",5,
"1","Calgary International Airport, Alberta","","9","1","",6,
"1","Edmonton International Airport, Alberta","","10","1","",,
"1","Vancouver International Airport, British Columbia","","11","1","",,
"1","Canada","","1","","",,
"2","Non-resident visitors entering Canada, air","","2","1","",,
"2","Canadian-resident visitors returning to Canada, air","","79","1","",12,
"2","United States of America residents entering Canada, air","","3","2","",,
"2","Residents of countries other than the United States of America entering Canada, air","","4","2","",,
"2","Americas, countries other than the United States of America","","5","4","",,
"2","Europe","","21","4","",,
"2","Africa","","47","4","",,
"2","Asia","","53","4","",,
"2","Oceania","","73","4","",,
"2","Antarctica and Adjacent Islands","","77","4","",,
"2","Argentina","","6","5","",,
"2","Bahamas","","7","5","",,
"2","Barbados","","8","5","",,
"2","Bermuda","","9","5","",,
"2","Brazil","","10","5","",,
"2","Chile","","11","5","",,
"2","Colombia","","12","5","",,
"2","Haiti","","13","5","",,
"2","Jamaica","","14","5","",,
"2","Mexico","","15","5","",,
"2","Peru","","16","5","",,
"2","Saint Pierre and Miquelon","","17","5","",,
"2","Trinidad and Tobago","","18","5","",,
"2","Venezuela","","19","5","",,
"2","Americas, countries other than the United States of America - other countries","","20","5","",,
"2","Austria","","22","21","",,
"2","Belgium","","23","21","",,
"2","Czechia","","24","21","",,
"2","Denmark","","25","21","",,
"2","Finland","","26","21","",,
"2","France","","27","21","",,
"2","Germany","","28","21","",,
"2","Greece","","29","21","",,
"2","Hungary","","30","21","",,
"2","Ireland","","31","21","",,
"2","Israel","","32","21","",,
"2","Italy","","33","21","",,
"2","Netherlands","","34","21","",,
"2","Norway","","35","21","",,
"2","Poland","","36","21","",,
"2","Portugal","","37","21","",8,
"2","Romania","","38","21","",,
"2","Russian Federation","","39","21","",,
"2","Spain","","40","21","",9,
"2","Sweden","","41","21","",,
"2","Switzerland","","42","21","",,
"2","Turkey","","43","21","",,
"2","Ukraine","","44","21","",,
"2","United Kingdom","","45","21","",10,
"2","Europe - other countries","","46","21","",,
"2","Algeria","","48","47","",,
"2","Morocco","","49","47","",,
"2","Nigeria","","50","47","",,
"2","South Africa, Republic of","","51","47","",,
"2","Africa - other countries","","52","47","",,
"2","China","","54","53","",11,
"2","Egypt","","55","53","",,
"2","Hong Kong","","56","53","",,
"2","India","","57","53","",,
"2","Indonesia","","58","53","",,
"2","Iran","","59","53","",,
"2","Japan","","60","53","",,
"2","Korea, South","","61","53","",,
"2","Lebanon","","62","53","",,
"2","Malaysia","","63","53","",,
"2","Pakistan","","64","53","",,
"2","Philippines","","65","53","",,
"2","Saudi Arabia","","66","53","",,
"2","Singapore","","67","53","",,
"2","Taiwan","","68","53","",,
"2","Thailand","","69","53","",,
"2","United Arab Emirates","","70","53","",,
"2","Viet Nam","","71","53","",,
"2","Asia - other countries","","72","53","",,
"2","Australia","","74","73","",,
"2","New Zealand","","75","73","",,
"2","Oceania - other countries","","76","73","",,
"2","Antarctica and Adjacent Islands - all countries","","78","77","",,
"2","Canadian residents returning from the United States of America, air","","80","79","",,
"2","Canadian residents returning from countries other than the United States of America, air","","81","79","",,
"2","International visitors entering or returning to Canada, air","","1","","",,
"3","Excursionists (same-day)","","2","1","",13;14,
"3","Tourists (overnight)","","3","1","",13;14,
"3","Visitors","","1","","",,

Symbol Legend
Description,Symbol
"not available for a specific reference period","..",
"less than the limit of detection","<LOD",
"value rounded to 0 (zero) where there is a meaningful distinction between true zero and the value that was rounded","0s",
"data quality: excellent","A",
"data quality: very good","B",
"data quality: good","C",
"data quality: acceptable","D",
"use with caution","E",
"too unreliable to be published","F",
"not applicable","...",
"preliminary","p",
"revised","r",
"suppressed to meet the confidentiality requirements of the Statistics Act","x",
"terminated","t",

"Survey Code","Survey Name"
"5005","Frontier Counts"

"Subject Code","Subject Name"
"24","Travel and tourism"

"Note ID",Note
1,"This leading indicator table contains a subset of international travel since 2018, namely visitors entering Canada by air and using a Canada Border Services Agency Primary Inspection Kiosk to make their customs declaration. Users can access complete counts of international travellers in table 24-10-0053-01, which is published as part of the main Frontier Counts release in the month following the leading indicator release."
2,"Throughout the existence of the Tourism Statistics Program, Statistics Canada introduced changes to improve the quality of its data (for example, a new data source, a new estimation method). For further information on the methodology used by Frontier Counts or the changes implemented over time, users are advised to consult the <a href="https://www23.statcan.gc.ca/imdb/p2SV.pl?Function=getSurvey&SDDS=5005" rel="external noopener noreferrer" target="_blank">Frontier Counts (opens new window)</a> pages."
3,"Primary Inspection Kiosks have been deployed at Billy Bishop Toronto City Airport in May 2018."
4,"Primary Inspection Kiosks have been deployed at Toronto Pearson International Airport - Terminal 1 in June 2021. Prior to June 2021, data only included Terminal 3."
5,"Primary Inspection Kiosks have been deployed at Winnipeg Richardson International Airport in June 2018."
6,"Primary Inspection Kiosks have been deployed at Calgary International Airport in May 2019."
7,"Countries align with the <a href="https://www23.statcan.gc.ca/imdb/p3VD.pl?Function=getVD&TVD=1330998" rel="external noopener noreferrer" target="_blank">Variant of the Standard Classification of Countries and Areas of Interest 2019 for Travel Statistics (opens new window)</a>."
8,"Includes Azores and Madeira."
9,"Includes Canary Islands."
10,"Includes England, Northern Ireland, Scotland and Wales."
11,"Excludes Hong Kong and Macao. Includes Tibet."
12,"As of January 2022, non-resident travellers with a trip duration of 365 days or more are considered as "other travellers" (not as visitors). Prior to 2022, they were reclassified as Canadian-resident visitors."
13,"Prior to 2022, all residents of countries other than the United States of America entering by air were considered tourists (overnight visitors). As of January 2022, if these travellers are recorded as same-day, they will be published as excursionists."
14,"Prior to 2022, all Canadian residents returning from countries other than the United States of America were considered tourists (overnight visitors). As of January 2022, if these travellers are recorded as same-day, they will be published as excursionists."

"Correction ID","Correction Date","Correction Note"
"3516","2022-10-11","On October 11, 2022, corrections were made to data for April 2022. Counts of US residents entering Canada had been missing from total counts of ‘Non-resident visitors entering Canada’ and ‘International visitors entering or returning to Canada’.",

